{
  "FINALSTUDENTDETAILS" : {
    "transaction" : "FINALSTUDENTDETAILS",
    "sampleCount" : 7000,
    "errorCount" : 4,
    "errorPct" : 0.057142857,
    "meanResTime" : 6153.970714285711,
    "medianResTime" : 6140.0,
    "minResTime" : 219.0,
    "maxResTime" : 22872.0,
    "pct1ResTime" : 8938.900000000001,
    "pct2ResTime" : 9381.9,
    "pct3ResTime" : 10053.98,
    "throughput" : 23.048302657140038,
    "receivedKBytesPerSec" : 21.358490367044222,
    "sentKBytesPerSec" : 3.77920137631293
  },
  "CreateStudentAddress" : {
    "transaction" : "CreateStudentAddress",
    "sampleCount" : 7000,
    "errorCount" : 1,
    "errorPct" : 0.014285714,
    "meanResTime" : 4656.2617142857125,
    "medianResTime" : 4658.0,
    "minResTime" : 53.0,
    "maxResTime" : 21908.0,
    "pct1ResTime" : 7458.900000000001,
    "pct2ResTime" : 8065.9,
    "pct3ResTime" : 8743.0,
    "throughput" : 23.087375822900036,
    "receivedKBytesPerSec" : 7.493222334933508,
    "sentKBytesPerSec" : 12.872078442039141
  },
  "GetSpecificStudent" : {
    "transaction" : "GetSpecificStudent",
    "sampleCount" : 7000,
    "errorCount" : 1,
    "errorPct" : 0.014285714,
    "meanResTime" : 4007.702714285718,
    "medianResTime" : 3872.5,
    "minResTime" : 53.0,
    "maxResTime" : 22792.0,
    "pct1ResTime" : 6660.500000000003,
    "pct2ResTime" : 7555.95,
    "pct3ResTime" : 8266.919999999998,
    "throughput" : 23.10726723554558,
    "receivedKBytesPerSec" : 9.59798770775909,
    "sentKBytesPerSec" : 3.7002445862973903
  },
  "Total" : {
    "transaction" : "Total",
    "sampleCount" : 42000,
    "errorCount" : 12,
    "errorPct" : 0.028571429,
    "meanResTime" : 4704.526690476214,
    "medianResTime" : 5128.0,
    "minResTime" : 53.0,
    "maxResTime" : 24066.0,
    "pct1ResTime" : 7705.9000000000015,
    "pct2ResTime" : 8208.95,
    "pct3ResTime" : 9379.94000000001,
    "throughput" : 137.49799482090884,
    "receivedKBytesPerSec" : 311.0892132823063,
    "sentKBytesPerSec" : 40.005161162177245
  },
  "GetStudent" : {
    "transaction" : "GetStudent",
    "sampleCount" : 7000,
    "errorCount" : 5,
    "errorPct" : 0.071428575,
    "meanResTime" : 4906.787714285709,
    "medianResTime" : 4891.0,
    "minResTime" : 101.0,
    "maxResTime" : 24066.0,
    "pct1ResTime" : 7662.700000000002,
    "pct2ResTime" : 8110.95,
    "pct3ResTime" : 9105.449999999988,
    "throughput" : 23.004068433817295,
    "receivedKBytesPerSec" : 255.80440657308395,
    "sentKBytesPerSec" : 4.557119435685554
  },
  "CreateTechnicalSkills" : {
    "transaction" : "CreateTechnicalSkills",
    "sampleCount" : 7000,
    "errorCount" : 1,
    "errorPct" : 0.014285714,
    "meanResTime" : 4091.3835714285683,
    "medianResTime" : 4008.5,
    "minResTime" : 57.0,
    "maxResTime" : 21878.0,
    "pct1ResTime" : 6389.500000000003,
    "pct2ResTime" : 7391.799999999999,
    "pct3ResTime" : 8252.97,
    "throughput" : 23.103225210239348,
    "receivedKBytesPerSec" : 7.49836640085581,
    "sentKBytesPerSec" : 8.188742855533883
  },
  "CreateStudent" : {
    "transaction" : "CreateStudent",
    "sampleCount" : 7000,
    "errorCount" : 0,
    "errorPct" : 0.0,
    "meanResTime" : 4411.053714285717,
    "medianResTime" : 4366.0,
    "minResTime" : 55.0,
    "maxResTime" : 23242.0,
    "pct1ResTime" : 7472.900000000001,
    "pct2ResTime" : 7897.95,
    "pct3ResTime" : 8680.0,
    "throughput" : 23.10429277759808,
    "receivedKBytesPerSec" : 10.717323309920983,
    "sentKBytesPerSec" : 7.197528707083777
  }
}