{
  "FINALSTUDENTDETAILS" : {
    "transaction" : "FINALSTUDENTDETAILS",
    "sampleCount" : 5000,
    "errorCount" : 4,
    "errorPct" : 0.08,
    "meanResTime" : 4164.415199999997,
    "medianResTime" : 4233.0,
    "minResTime" : 164.0,
    "maxResTime" : 6864.0,
    "pct1ResTime" : 5411.0,
    "pct2ResTime" : 5762.9,
    "pct3ResTime" : 6225.9299999999985,
    "throughput" : 23.702186763750824,
    "receivedKBytesPerSec" : 21.90832471906983,
    "sentKBytesPerSec" : 3.888510394594005
  },
  "CreateStudentAddress" : {
    "transaction" : "CreateStudentAddress",
    "sampleCount" : 5000,
    "errorCount" : 4,
    "errorPct" : 0.08,
    "meanResTime" : 3125.6226000000024,
    "medianResTime" : 3127.5,
    "minResTime" : 57.0,
    "maxResTime" : 7110.0,
    "pct1ResTime" : 4272.900000000001,
    "pct2ResTime" : 4545.799999999999,
    "pct3ResTime" : 5134.98,
    "throughput" : 23.715002584935284,
    "receivedKBytesPerSec" : 7.690441846070661,
    "sentKBytesPerSec" : 13.223763351546456
  },
  "GetSpecificStudent" : {
    "transaction" : "GetSpecificStudent",
    "sampleCount" : 5000,
    "errorCount" : 1,
    "errorPct" : 0.02,
    "meanResTime" : 2940.069599999998,
    "medianResTime" : 2947.0,
    "minResTime" : 54.0,
    "maxResTime" : 21054.0,
    "pct1ResTime" : 4167.900000000001,
    "pct2ResTime" : 4436.0,
    "pct3ResTime" : 5095.0,
    "throughput" : 23.807029739741548,
    "receivedKBytesPerSec" : 10.095761545219073,
    "sentKBytesPerSec" : 3.8119518431402426
  },
  "Total" : {
    "transaction" : "Total",
    "sampleCount" : 30000,
    "errorCount" : 24,
    "errorPct" : 0.08,
    "meanResTime" : 3213.149433333338,
    "medianResTime" : 3219.0,
    "minResTime" : 54.0,
    "maxResTime" : 21056.0,
    "pct1ResTime" : 4514.0,
    "pct2ResTime" : 4949.950000000001,
    "pct3ResTime" : 5754.980000000003,
    "throughput" : 141.45138551632112,
    "receivedKBytesPerSec" : 320.2236048030997,
    "sentKBytesPerSec" : 41.14866389588943
  },
  "GetStudent" : {
    "transaction" : "GetStudent",
    "sampleCount" : 5000,
    "errorCount" : 4,
    "errorPct" : 0.08,
    "meanResTime" : 3019.4976000000015,
    "medianResTime" : 3054.0,
    "minResTime" : 62.0,
    "maxResTime" : 21044.0,
    "pct1ResTime" : 4179.900000000001,
    "pct2ResTime" : 4440.9,
    "pct3ResTime" : 5037.949999999999,
    "throughput" : 23.725355287195427,
    "receivedKBytesPerSec" : 263.8021976351752,
    "sentKBytesPerSec" : 4.699603638283233
  },
  "CreateTechnicalSkills" : {
    "transaction" : "CreateTechnicalSkills",
    "sampleCount" : 5000,
    "errorCount" : 7,
    "errorPct" : 0.14,
    "meanResTime" : 2996.343400000003,
    "medianResTime" : 3009.0,
    "minResTime" : 60.0,
    "maxResTime" : 21056.0,
    "pct1ResTime" : 4134.0,
    "pct2ResTime" : 4405.699999999999,
    "pct3ResTime" : 5051.909999999998,
    "throughput" : 23.732111920639817,
    "receivedKBytesPerSec" : 7.730081898034981,
    "sentKBytesPerSec" : 8.407670774794124
  },
  "CreateStudent" : {
    "transaction" : "CreateStudent",
    "sampleCount" : 5000,
    "errorCount" : 4,
    "errorPct" : 0.08,
    "meanResTime" : 3032.948199999999,
    "medianResTime" : 3064.0,
    "minResTime" : 54.0,
    "maxResTime" : 21039.0,
    "pct1ResTime" : 4257.900000000001,
    "pct2ResTime" : 4523.799999999999,
    "pct3ResTime" : 5072.98,
    "throughput" : 23.803062978144027,
    "receivedKBytesPerSec" : 11.084193814059994,
    "sentKBytesPerSec" : 7.409279832378831
  }
}