{
  "FINALSTUDENTDETAILS" : {
    "transaction" : "FINALSTUDENTDETAILS",
    "sampleCount" : 1000,
    "errorCount" : 0,
    "errorPct" : 0.0,
    "meanResTime" : 915.9860000000006,
    "medianResTime" : 893.5,
    "minResTime" : 153.0,
    "maxResTime" : 1836.0,
    "pct1ResTime" : 1392.6999999999998,
    "pct2ResTime" : 1510.9499999999998,
    "pct3ResTime" : 1684.9,
    "throughput" : 26.680896478121667,
    "receivedKBytesPerSec" : 24.67461812966916,
    "sentKBytesPerSec" : 4.377334578441836
  },
  "CreateStudentAddress" : {
    "transaction" : "CreateStudentAddress",
    "sampleCount" : 1000,
    "errorCount" : 0,
    "errorPct" : 0.0,
    "meanResTime" : 403.6360000000001,
    "medianResTime" : 275.0,
    "minResTime" : 54.0,
    "maxResTime" : 1308.0,
    "pct1ResTime" : 861.9,
    "pct2ResTime" : 1006.8999999999999,
    "pct3ResTime" : 1158.8000000000002,
    "throughput" : 26.74869600106995,
    "receivedKBytesPerSec" : 8.672428781596897,
    "sentKBytesPerSec" : 14.915532633409121
  },
  "GetSpecificStudent" : {
    "transaction" : "GetSpecificStudent",
    "sampleCount" : 1000,
    "errorCount" : 0,
    "errorPct" : 0.0,
    "meanResTime" : 281.6039999999998,
    "medianResTime" : 205.5,
    "minResTime" : 54.0,
    "maxResTime" : 1250.0,
    "pct1ResTime" : 614.9,
    "pct2ResTime" : 787.9499999999999,
    "pct3ResTime" : 1022.0,
    "throughput" : 26.844196284763235,
    "receivedKBytesPerSec" : 11.141390059594116,
    "sentKBytesPerSec" : 4.299265811231612
  },
  "Total" : {
    "transaction" : "Total",
    "sampleCount" : 6000,
    "errorCount" : 0,
    "errorPct" : 0.0,
    "meanResTime" : 464.7936666666668,
    "medianResTime" : 323.0,
    "minResTime" : 53.0,
    "maxResTime" : 1836.0,
    "pct1ResTime" : 997.9000000000005,
    "pct2ResTime" : 1166.0,
    "pct3ResTime" : 1488.0,
    "throughput" : 156.1483409238777,
    "receivedKBytesPerSec" : 353.36694860117115,
    "sentKBytesPerSec" : 45.44160702667534
  },
  "GetStudent" : {
    "transaction" : "GetStudent",
    "sampleCount" : 1000,
    "errorCount" : 0,
    "errorPct" : 0.0,
    "meanResTime" : 503.81299999999936,
    "medianResTime" : 451.0,
    "minResTime" : 55.0,
    "maxResTime" : 1306.0,
    "pct1ResTime" : 911.9,
    "pct2ResTime" : 1005.8999999999999,
    "pct3ResTime" : 1210.0,
    "throughput" : 26.39079489074211,
    "receivedKBytesPerSec" : 293.62336542014145,
    "sentKBytesPerSec" : 5.231768909004539
  },
  "CreateTechnicalSkills" : {
    "transaction" : "CreateTechnicalSkills",
    "sampleCount" : 1000,
    "errorCount" : 0,
    "errorPct" : 0.0,
    "meanResTime" : 305.3349999999998,
    "medianResTime" : 224.0,
    "minResTime" : 54.0,
    "maxResTime" : 1226.0,
    "pct1ResTime" : 720.8,
    "pct2ResTime" : 824.7499999999997,
    "pct3ResTime" : 1048.98,
    "throughput" : 26.78595344601291,
    "receivedKBytesPerSec" : 8.684508343824499,
    "sentKBytesPerSec" : 9.49541123135028
  },
  "CreateStudent" : {
    "transaction" : "CreateStudent",
    "sampleCount" : 1000,
    "errorCount" : 0,
    "errorPct" : 0.0,
    "meanResTime" : 378.38800000000003,
    "medianResTime" : 264.0,
    "minResTime" : 53.0,
    "maxResTime" : 1285.0,
    "pct1ResTime" : 819.6999999999999,
    "pct2ResTime" : 970.7499999999997,
    "pct3ResTime" : 1081.99,
    "throughput" : 26.830511657857315,
    "receivedKBytesPerSec" : 12.445793981916236,
    "sentKBytesPerSec" : 8.358333221539535
  }
}